{"cameraMode":{"drawMode":0,"name":"Shaded","section":"Shading Mode"},"sceneLighting":true,"audioPlay":false,"sceneViewState":{"showFog":true,"showMaterialUpdate":true,"showSkybox":true,"showFlares":true,"showImageEffects":true,"showParticleSystems":true},"in2DMode":false,"pivot":{"x":2.508121967315674,"y":11.06231689453125,"z":-25.79912757873535},"rotation":{"x":-0.047980982810258868,"y":0.0059832255356013779,"z":-0.0002879298117477447,"w":-0.9988308548927307},"size":10.135930061340332,"orthographic":false}